id,Area,Cruise,Date,T_length,F_length,agebefore,peaks,ageafter,Oto_area,Oto_majorAxis,Oto_minorAxis,Oto_Perimeter,Oto_Length,Oto_Width,Oto_Weight,Mg24,Mg26,Mn55,Co59,Cu65,Zn66,Sr86,Sr87,Ba138,Pb208
O2,OR,Oregon,6/23/2011,199,184,4,2,2,7.956611156,3.936869144,2.70185113,12.57437229,4.414794922,3.057220459,0.006,-16.05267347,-5.811583395,0.390239399,-0.111684833,-0.312919149,-7.463698287,-899.7863163,-543.4610309,-0.538487607,-0.063387007
O4,OR,Oregon,6/23/2011,198,183,4,2,2,6.824503899,3.702563763,2.514331102,12.21994209,4.090942383,2.848987579,0.005,2.812037792,10.35362714,-0.007966403,0.015491233,-0.232160395,-9.838818207,-1738.372348,-268.7381519,0.260292213,-0.062961057
O6,OR,Oregon,6/23/2011,206,191,4,2,2,6.942435741,3.612983465,2.614863873,12.55757713,4.168701172,2.994506836,0.005,-13.25668526,-9.198837885,-0.06752533,-0.187278054,-0.155307597,-1.911513333,-1058.180242,-170.8539679,0.689862235,0.005538362
O8,OR,Oregon,6/23/2011,200,185,4,2,2,7.498888969,3.974615574,2.557541847,12.73571968,4.442382813,2.959030151,0.005,-16.82217711,-15.9385159,0.277865006,-0.199454319,-0.091640861,-4.755180474,-2031.339155,-599.7169759,-0.240862766,0.024623686
O9,OR,Oregon,6/23/2011,197,182,4,2,2,6.914391041,3.61655736,2.54695034,12.39721775,4.110961914,2.79510498,0.005,-12.6125418,-6.262169355,-0.102467489,-0.008862141,-0.397430357,-10.41163829,-1059.251438,-95.36613586,-0.738298851,-0.077990287
O10,OR,Oregon,6/23/2011,211,195,4,2,2,7.515624046,3.789615393,2.665843248,13.17637539,4.204101563,2.983520508,0.005,-15.98502269,-14.48494384,0.000495319,-0.178031027,-0.120159234,-2.663275753,-2321.105367,-697.8128949,-1.093150486,0.017149676
O11,OR,Oregon,6/23/2011,222,206,4,3,2,8.577800751,4.185941219,2.798703909,13.88025856,4.613479614,3.322387695,0.007,-26.05063077,-20.25419625,-0.116842347,0.00073842,-0.297078187,-8.645497722,-546.0236043,192.8113441,0.740028423,-0.041164016
O12,OR,Oregon,6/23/2011,201,186,5,2,2,7.235407829,3.912341833,2.509321451,12.47494316,4.389892578,2.738037109,0.005,11.16955759,18.14382199,0.481589148,0.007384628,-0.181756627,-4.840179001,-1692.637031,-174.3595539,-2.189602916,-0.073474785
O16,OR,Oregon,6/23/2011,200,185,4,2,2,6.920144558,3.642897129,2.54573679,12.07359314,3.980957031,2.778842926,0.005,23.54220059,27.38491592,0.210602201,-0.145145684,0.08606794,-4.485454123,-2329.547362,-698.2866229,1.052371974,0.052821185
O20,OR,Oregon,6/23/2011,229,212,4,3,2,8.538215637,4.041953564,2.872663975,13.81411076,4.612060547,3.100891113,0.007,-30.512804,-20.75753888,0.040542894,0.106441103,-0.249984689,-0.576555653,-1485.18104,-740.0621169,-0.403703319,-0.082789778
O21,OR,Oregon,6/23/2011,201,186,4,2,2,6.993461609,3.619652748,2.607609749,13.40494061,3.987670898,2.951782227,0.005,-16.46829299,-5.385756145,0.00988361,-0.188463721,-0.206731128,0.126729427,-1420.985108,-295.3951859,0.829170118,-0.078686253
O22,OR,Oregon,6/23/2011,198,183,4,2,2,6.20854187,3.416648865,2.435523272,11.26360035,3.871704102,2.630554199,0.004,16.74611979,27.91094996,0.183697387,-0.283786531,-0.300229039,-5.516926448,-1426.428773,-94.95482786,0.184862488,-0.080737949
O24,OR,Oregon,6/23/2011,203,188,4,3,2,7.685305119,3.75541091,2.755404711,12.74843884,4.270507813,3.048461914,0.005,-29.75696984,-17.98916867,-0.096768159,-0.134761915,-0.233086499,-9.36360891,-655.3721543,-479.9618189,0.881735583,-0.083695377
O30,OR,Oregon,6/23/2011,223,206,4,3,2,8.057184219,4.033214569,2.715592861,13.167243,4.642700195,2.99899292,0.006,-13.66920184,-7.542872115,-0.099923331,0.215702804,-0.295998968,-10.76070552,-1528.944417,-157.7625979,0.403355354,-0.064204225
O31,OR,Oregon,6/23/2011,209,193,4,2,2,7.18385601,3.751475573,2.596408844,12.50014591,4.191894531,2.943620682,0.005,-2.204505008,-1.029514415,0.729442278,0.071622556,0.209364762,7.211096027,434.8664857,625.1707221,2.688858473,0.150546773
O32,OR,Oregon,6/23/2011,202,187,4,2,2,7.314347267,3.630203724,2.704437017,12.35107613,4.068939209,2.921630859,0.005,-16.45401353,-11.09685857,-0.400745654,0.758512304,-0.26992407,-10.10317505,-1447.725841,-9.879023856,-0.216400231,-0.073352758
O33,OR,Oregon,6/23/2011,203,188,6,2,2,8.038443565,3.91818881,2.734988689,12.42080307,4.367553711,3.001708984,0.005,-12.62507843,-3.107811905,0.992505731,0.19653229,-0.281510724,-3.277838663,-1933.35244,-339.3516929,-0.379696341,-0.064482851
O34,OR,Oregon,6/23/2011,212,196,5,3,2,7.28498745,3.753694057,2.622125626,12.29443932,4.212982178,2.929443359,0.005,3.038523592,15.65749189,0.509971847,0.110702849,0.003927088,-2.588529643,-1822.11039,-421.2459929,1.849507034,-0.068718477
O35,OR,Oregon,6/23/2011,204,189,4,2,2,7.55958128,3.780373812,2.686448812,12.40873909,4.279541016,2.869628906,0.005,-21.58410417,-8.899636355,-0.07694624,0.119998559,-0.24569681,-5.793850226,-2163.857192,-949.7542199,-0.207397697,-0.079159744
O36,OR,Oregon,6/23/2011,200,185,4,2,2,6.999182224,3.729743242,2.516251564,12.24157238,4.13659668,2.882019043,0.005,-21.76593487,-16.36676361,0.149553778,0.196100343,0.368107066,-2.468827653,-1518.633667,-288.6752339,1.367784298,0.135049456
O37,OR,Oregon,6/23/2011,201,186,4,2,2,6.734780788,3.588431835,2.530905962,11.71239471,4.021972656,2.926422119,0.005,-27.11849303,-14.7314398,0.172860365,-0.207587703,0.02093752,-4.43575024,-2193.604111,-531.3636779,0.73293723,-0.080319979
O43,OR,Oregon,6/23/2011,227,210,6,3,3,8.901119232,4.321768284,2.812290192,14.58192253,4.847167969,3.147338867,0.008,-1.996088208,0.722236565,0.576724491,0.434528516,-0.156324455,-7.41514965,-1382.231644,-93.24996386,-1.441113503,-0.073978327
O44,OR,Oregon,6/23/2011,197,182,6,2,2,6.655381203,3.526770115,2.53142643,12.15069294,3.991394043,2.798339844,0.004,50.64530879,56.34480131,0.418733232,-0.229428374,-0.32189942,-6.743205754,-1289.953339,70.05038114,0.207198833,-0.074568788
O52,OR,Oregon,6/23/2011,200,185,4,2,2,7.268647194,3.787513971,2.584434986,12.55886841,4.293212891,2.895080566,0.005,-5.208078628,6.825054185,-0.058784521,-0.005211644,-0.021798376,-1.994184623,-1511.621345,-752.9779619,-0.600037404,-0.055498173
O54,OR,Oregon,6/23/2011,197,182,6,2,2,7.892697334,3.973197937,2.65325141,12.80107784,4.352050781,2.917114258,0.006,5.030147292,10.90477228,0.097443731,-0.207076749,0.04534716,-3.915438127,-1804.199015,-506.9697689,0.452147282,0.052890833
O58,OR,Oregon,6/23/2011,207,192,5,3,3,7.696384907,4.054468155,2.577719927,13.55548763,4.569091797,2.914245605,0.005,-11.73509981,-7.735967675,-0.304840415,-0.208639591,-0.2167816,-5.157874502,-1004.1614,-162.3631099,0.196488979,-0.038628147
O59,OR,Oregon,6/23/2011,214,198,5,2,2,7.666367531,3.849898338,2.693651915,12.85130882,4.38671875,3.015319824,0.006,-20.51199951,-17.16589951,0.240508106,-0.191406899,-0.363313025,-3.671447669,-1600.234055,-267.8152349,-0.036405987,-0.073471662
O60,OR,Oregon,6/23/2011,203,188,5,2,2,7.767893791,3.8525002,2.687878609,12.24255562,4.263183594,2.928833008,0.006,-15.88804485,-8.343410605,0.926781075,0.726530331,0.043143382,-2.682338323,-1633.406567,-184.5836599,0.173258251,-0.060174529
O66,OR,Oregon,6/23/2011,201,186,5,2,2,7.499448299,3.729068279,2.720991135,12.9224472,4.185302734,3.106842041,0.005,5.049139892,9.200019975,0.543622727,-0.319365281,0.010761436,-2.168724793,-923.8447333,139.6562481,-0.76315342,0.097721395
O70,OR,Oregon,6/23/2011,213,197,6,2,2,7.86833477,3.955039263,2.687851667,12.84702682,4.331542969,3.094268799,0.009,-13.41961197,-5.664229115,0.246593622,-0.288544037,-0.230922615,3.564301947,-2593.736393,-672.1344829,-0.26235978,-0.072105972
O75,OR,Oregon,6/23/2011,234,217,4,2,2,8.334144592,4.219978333,2.731560946,13.54846096,4.690429688,3.28503418,0.007,-4.077928928,20.19711816,-0.02397332,-0.179388414,-0.172748251,-3.447694291,-1701.882429,-790.2129489,2.101811774,-0.082214848
C11,AL,Chilkoot,5/2/2006,204,189,5,4,4,7.061518192,3.778493643,2.525983334,12.93416786,4.212036133,2.840576172,0.005,-32.8927247,-27.65659439,0.523180002,0.040958955,-0.163938386,-3.980726556,-1591.174851,-795.6748469,1.079409625,-0.079227981
C14,AL,Chilkoot,5/2/2006,199,184,5,4,4,5.83998394,3.5137918,2.280757189,11.53401852,3.959838867,2.721313477,0.004,-35.08571977,-28.00970319,-0.212982899,0.037582851,-0.383661502,0.498016297,385.2277857,-215.3834789,0.622592326,-0.078198007
C15,AL,Chilkoot,5/2/2006,192,178,5,4,3,6.328840733,3.481468201,2.422952175,11.52911282,3.868347168,2.703125,0.005,-33.09802796,-28.35908926,-0.643113059,-0.07297553,-0.156266104,-8.595764591,-559.5349143,199.4757401,-0.30302641,-0.082885404
C19,AL,Chilkoot,5/2/2006,188,174,5,3,3,6.463079929,3.481654882,2.490670443,11.46027279,3.930664063,2.783203125,0.004,-25.78075638,-18.80276404,0.717580278,-0.032706575,-0.156098905,20.24021332,-1710.859644,-202.4852349,2.426381573,-0.074704205
C25,AL,Chilkoot,5/2/2006,192,178,4,3,3,6.240597248,3.383828402,2.44546628,10.90707874,3.804519653,2.690429688,0.004,-32.61006619,-26.61056205,-0.260079347,0.166335123,-0.192747911,-3.370874065,-318.6374643,356.0788081,0.186937783,-0.073366417
C37,AL,Chilkoot,5/2/2006,194,180,8,5,5,6.589658737,3.501092911,2.483291388,11.47656631,3.821044922,2.641601563,0.004,-37.83077725,-30.52570752,-0.087704084,-0.256307306,-0.310976387,-1.855505773,-872.0797873,-1.911021856,0.402697994,-0.07406891
C47,AL,Chilkoot,5/2/2006,196,181,4,5,3,6.769729614,3.737979889,2.457714319,12.38947868,4.076660156,2.853820801,0.005,-35.02736806,-4.564442745,0.162530479,-0.077125423,-0.24178601,-4.635403388,-34.69189428,299.0307171,-0.851156606,-0.081025791
C53,AL,Chilkoot,5/2/2006,192,178,4,4,3,6.421029568,3.148751736,2.657604218,10.9206152,3.463684082,2.734619141,0.005,-29.28856816,-12.29160587,0.137258071,-0.205044575,-0.312903849,-1.536858203,555.7730157,607.8605731,0.949130719,-0.089907317
C57,AL,Chilkoot,5/2/2006,207,192,6,4,4,7.458318233,3.867282867,2.56612134,11.77911854,4.166915894,2.872314453,0.005,-14.70974911,-9.051632225,0.051273512,0.06833811,-0.025297144,-2.513050963,-558.9611943,-30.20399986,0.29019378,0.030109251
C69,AL,Chilkoot,5/2/2006,184,170,4,4,3,6.832624435,3.604244947,2.513786793,11.56226921,3.880775452,2.799072266,0.005,-28.22299444,-21.54281804,-0.211138004,-0.153519261,-0.170976371,-5.611605482,-640.7297843,101.5141511,-0.440863825,0.042177537
C70,AL,Chilkoot,5/2/2006,184,170,7,5,4,6.334167004,3.591618776,2.357930422,11.56076717,4.016441345,2.626708984,0.004,-35.3737867,-30.68941248,-0.191243428,-0.209324987,-0.111763674,-2.274989953,-7.174804279,371.4360871,-0.932789828,0.058882462
C73,AL,Chilkoot,5/2/2006,194,180,8,4,6,6.514862537,3.628324509,2.42600441,12.53461552,4.04208374,2.705566406,0.005,-32.33633148,-28.91783387,0.379088365,-0.160424038,0.327722716,5.378679157,-230.8301543,469.5400041,1.269816249,0.200752445
C76,AL,Chilkoot,5/2/2006,194,180,6,4,4,7.388256073,4.037626743,2.489701271,12.63933182,4.446960449,2.884765625,0.006,-32.85951755,-26.27243852,-0.208405977,0.346338189,-0.270527296,-10.19247912,-1142.668305,-645.8743099,0.472278952,-0.081467074
C85,AL,Chilkoot,5/2/2006,194,180,4,3,3,6.445392132,3.585123539,2.430811644,11.60606575,3.947143555,2.707275391,0.004,-27.84103132,-21.17841029,0.181425455,-0.116351875,-0.381364658,1.338279857,-1916.604287,-884.9307409,-0.548097621,-0.081653927
C91,AL,Chilkoot,5/2/2006,184,170,5,3,3,6.378617764,3.514504433,2.444307804,11.7160244,3.973388672,2.693847656,0.004,-18.84390434,-14.4434714,0.089841975,-0.273128135,-0.379249451,-3.182747023,-1549.631397,-161.2945339,0.131694684,-0.082304367
C96,AL,Chilkoot,5/2/2006,184,170,3,3,2,5.681118965,3.013247252,2.4413867,9.638571739,3.108642578,2.544555664,0.004,-9.727718518,-9.489801685,-0.037804289,0.055269919,-0.279512649,0.718156317,-364.0641143,279.1652061,-0.729624476,-0.079232292
C103,AL,Chilkoot,5/2/2006,184,170,3,4,2,7.031172276,3.786302567,2.488946438,11.77873516,4.059204102,2.760864258,0.005,-30.74949722,-20.12796297,-0.259013581,-0.249394444,-0.172289243,1.592885717,-122.4849343,259.7115131,0.803705661,-0.086861798
C109,AL,Chilkoot,5/2/2006,184,170,4,5,3,7.164326668,3.922761917,2.498344898,12.79648399,4.293334961,2.823486328,0.005,-30.88560717,-25.79973128,0.148973679,-0.216485104,-0.21831718,-0.664690993,-922.3256423,-46.07222486,0.824742157,-0.068291504
C110,AL,Chilkoot,5/2/2006,184,170,4,3,3,6.530544758,3.579954863,2.43364501,11.24678612,3.977294922,2.716918945,0.005,-32.25192936,-0.509158445,-0.239682973,-0.002775272,-0.3866157,5.940088267,-2191.07306,-406.9837049,0.70676577,-0.082922569
C115,AL,Chilkoot,5/2/2006,184,170,4,4,2,6.738068581,3.737570763,2.434321404,11.83283138,4.254821777,2.663085938,0.005,-44.23917269,-21.56766342,0.722579945,-0.390016106,-0.542628311,5.130859867,473.2314557,829.5908031,0.459493457,-0.081657507
C141,AL,Chilkoot,5/2/2006,194,180,4,4,3,6.940627575,3.721121311,2.530924797,12.36152267,4.226913452,2.832519531,0.005,-36.2712909,-30.04665288,-0.62820732,-0.244225311,-0.165793798,-5.453223535,-623.0342543,-107.5225869,1.034177656,0.04221599
C145,AL,Chilkoot,5/2/2006,184,170,4,4,2,6.216794014,3.52710104,2.366300106,11.07059288,3.947723389,2.613769531,0.004,-21.71106174,-18.71514816,-0.069689513,-0.235623386,0.158653411,5.690165307,-1247.015393,-191.9136199,0.440397339,0.047566438
C147,AL,Chilkoot,5/2/2006,184,170,4,4,3,7.064937592,3.734612465,2.533952475,12.68880844,4.209991455,2.836791992,0.005,-38.79085633,-34.25324714,-0.308515981,1.08438917,0.155351227,-2.051007033,-34.29123428,484.2386111,-0.133240928,0.148538987
C150,AL,Chilkoot,5/2/2006,184,170,6,,,6.744413853,3.526912689,2.533910513,12.02140903,3.833984375,2.703491211,0.005,-30.85881427,-26.02598908,0.892029876,-0.050660196,0.301727202,6.005701717,164.6995857,577.7647731,3.854918486,0.192919145
C153,AL,Chilkoot,5/2/2006,184,170,4,4,3,6.525251865,3.726959705,2.391466618,12.11296558,4.052246094,2.831420898,0.004,-30.19269656,-23.27796106,0.543616548,-0.15207709,-0.198551938,8.121855057,-684.4451043,-502.9814459,2.715262115,-0.021934777
C162,AL,Chilkoot,5/2/2006,184,170,3,4,2,5.91221571,3.443525791,2.337700367,11.27291298,3.923431396,2.771972656,0.004,-33.364295,-22.93509783,-0.034475024,0.011680457,-0.294966189,2.571569007,-1255.896948,-682.0414799,0.834405846,-0.073076525
C167,AL,Chilkoot,5/2/2006,184,170,4,3,2,6.625758648,3.646927118,2.428077459,11.57891273,3.979125977,2.727661133,0.004,-18.09169581,-10.03860354,0.366697443,-0.12707259,-0.234652438,-1.454191173,-2467.789329,-563.9859649,-0.779342947,-0.078962663
C168,AL,Chilkoot,5/2/2006,194,180,6,4,2,7.661567688,3.86097455,2.641750336,12.32056522,4.175537109,2.937011719,0.005,-30.09609246,-25.69975787,0.118941663,0.822525792,-0.094034516,0.998756517,339.5416057,592.6471021,0.821770571,-0.073066065
C172,AL,Chilkoot,5/2/2006,184,170,4,4,3,6.931881905,3.68893218,2.506853342,11.69001865,4.080322266,2.723999023,0.005,-20.93103613,-15.5402015,-0.33921853,0.112168105,-0.322284222,-0.235121713,549.8969257,729.9380171,1.53612529,-0.064563977
C173,AL,Chilkoot,5/2/2006,184,170,7,3,4,6.631742477,3.43984437,2.585243225,12.03223133,3.756958008,2.79486084,0.004,-25.91617167,-17.97353545,0.191724836,0.024331033,-0.312727994,-0.973710193,-1653.083999,-268.3551039,0.869199612,-0.072766952
C174,AL,Chilkoot,5/2/2006,184,170,8,5,4,5.502659321,2.874507904,2.499386072,10.57816124,3.129394531,2.63671875,0.004,-13.3315371,12.44415886,0.347953333,0.04501508,0.122588656,4.343600947,-849.1853323,174.8449971,0.087328812,-0.081185361
C188,AL,Chilkoot,5/2/2006,184,170,4,4,3,7.063261032,3.831596613,2.473237038,12.39398575,4.0859375,2.76776123,0.004,-43.54985404,-24.19759797,0.318040295,-0.027166865,-0.2574645,-6.780199602,472.8018157,697.0116561,0.666658241,-0.052326606
C197,AL,Chilkoot,5/2/2006,194,180,7,5,5,5.766830921,3.036099195,2.482684851,11.82394218,3.208251953,2.650622845,0.004,-19.33318643,-19.00881237,0.247153871,0.040631887,0.296639853,2.346066847,-136.2529043,408.1868831,0.234440184,0.097932893
T4,AL,Taku,4/9/2006,179,166,4,3,3,6.619544506,3.679101706,2.435642242,12.3672514,4.080688477,2.77923584,0.004,-9.405165198,-1.111102915,-0.589448061,0.191572761,-0.174931566,-6.854030316,2532.176626,1489.253038,-0.092352075,-0.076881343
T13,AL,Taku,4/9/2006,192,178,5,3,3,6.906073093,3.631254435,2.52007699,12.23704529,4.009887695,2.740997314,0.005,-29.42598616,-17.53931659,0.672211894,-0.274850873,-0.388390103,-3.442450741,-461.8103643,408.2888761,-0.527078814,-0.076209196
T15,AL,Taku,4/9/2006,180,167,4,3,3,6.705026627,3.594833612,2.465838909,11.43763733,3.940841675,2.684570313,0.004,19.12273539,23.6818199,-0.080328892,0.23075684,0.054825147,-7.247105255,-1793.790075,-336.1301979,-0.294920995,0.159780732
T24,AL,Taku,4/9/2006,179,166,3,3,2,6.280872345,3.501629114,2.39908576,11.14348412,3.91796875,2.647888184,0.004,19.19084369,21.12241537,-0.338440088,0.870556108,0.261935885,-7.502949454,-1294.93249,-48.39008086,-0.98189364,0.179160352
T25,AL,Taku,4/9/2006,180,167,6,4,3,6.885129929,3.693182945,2.527993917,12.12110901,4.223876953,2.781860352,0.004,-5.116932928,1.204903065,-0.55274995,-0.072498552,-0.210641611,-9.628006727,-584.2970243,-457.9467419,-0.188317369,-0.077416284
T45,AL,Taku,4/9/2006,183,169,4,4,3,6.502467632,3.619920731,2.413133621,11.65926743,4.087402344,2.719604492,0.004,-0.612159308,5.529400705,-0.189346357,-0.158582883,-0.060483381,-8.005932992,301.7413057,529.3667921,-0.276351693,-0.054379515
T48,AL,Taku,4/9/2006,179,166,8,3,5,6.606656551,3.661668777,2.392057657,11.60248852,4.053710938,2.604858398,0.004,-30.52915175,-23.99484454,-0.299809519,0.077088434,-0.089509754,-9.737428478,-1657.39745,-240.1234999,-1.022312044,-0.066823398
T54,AL,Taku,4/9/2006,187,173,6,3,2,6.396141529,3.52312398,2.467477798,11.54602814,3.966552734,2.680053711,0.004,-1.193413108,6.644426455,0.437924368,0.092671523,-0.213451993,3.054415837,-2144.796539,-957.9286259,-0.433344903,-0.069823857
T56,AL,Taku,4/9/2006,179,166,5,4,3,6.365959644,3.404482603,2.482627392,11.35232544,3.667572021,2.742675781,0.005,25.94303929,28.14422615,0.773160875,0.024022414,-0.216606913,-1.541739233,-78.75662428,510.8727111,0.825663037,-0.077076445
T64,AL,Taku,4/9/2006,184,170,4,3,3,6.361652851,3.509509802,2.429322243,11.57588482,3.903320313,2.670288086,0.004,45.54926749,55.68294471,0.823626985,-0.229778944,-0.058082601,8.187498257,-2671.893608,-632.4184159,-0.624565967,-0.063193122
T68,AL,Taku,4/10/2006,186,172,4,3,3,6.645879745,3.405936718,2.569755316,11.05059624,3.727111816,2.691894531,0.004,-30.46720203,-7.392501355,0.025785553,0.353682041,-0.089449081,-6.890279488,-434.9183543,352.5359831,0.438774965,-0.061389851
T70,AL,Taku,4/10/2006,179,166,4,4,3,6.537383556,3.603093386,2.442254782,12.00981236,3.923400879,2.724121094,0.004,-24.93606563,-14.08937329,0.545718309,0.041177446,-0.226322818,-7.778588412,1133.478556,773.0478071,0.999581176,-0.082152036
T71,AL,Taku,4/10/2006,192,178,4,3,3,7.711903095,3.957194567,2.615260363,12.48982716,4.528564453,2.871948242,0.005,-10.30935368,-5.285284625,-0.020296801,0.05069902,0.291813086,-5.194822155,-937.8643303,150.8965141,0.048805401,0.07748727
T72,AL,Taku,4/10/2006,192,178,5,4,4,6.890817642,3.564498901,2.537176132,11.06132698,3.653564453,2.752441406,0.005,-2.912414008,2.302230985,-0.153686048,-0.122908201,-0.081135894,0.021182817,-140.3049843,333.1685301,-0.800861401,0.063866787
T74,AL,Taku,4/10/2006,174,161,4,3,2,6.887760162,3.633334637,2.510362387,11.16471004,3.915527344,2.703491211,0.005,-11.46677083,-14.90005806,0.474801003,0.088710871,0.181759837,-4.010053475,-1669.681992,-152.5101299,-0.396065557,0.028383667
T77,AL,Taku,4/10/2006,180,167,4,3,2,6.466137886,3.655195475,2.385046482,11.4094286,4.106933594,2.669372559,0.005,-5.683150888,-1.054784635,1.001540591,0.167104042,0.504665968,7.073923907,-1161.135504,25.68218314,-0.304159195,0.112278433
T79,AL,Taku,4/10/2006,188,174,5,3,3,6.745991707,3.398834229,2.600355864,11.01604939,3.643188477,2.682861328,0.004,-5.745251788,3.007711845,0.244401328,0.688885969,-0.036106793,5.190589757,-829.7830053,158.4894741,-0.514021179,0.111806185
T82,AL,Taku,4/10/2006,179,166,3,4,2,6.682439327,3.735081673,2.381401539,11.64057446,4.108398438,2.6043396,0.004,10.02628319,12.21584842,0.364131676,-0.12360043,0.173357185,0.861059107,-1078.676688,89.11119014,-0.167033486,0.02872452
T83,AL,Taku,4/10/2006,185,171,4,4,3,6.377927303,3.649241924,2.368837595,12.37925148,3.991149902,2.693725586,0.004,-8.014186278,-0.884557515,-0.234872566,-0.186690272,-0.322868991,-8.177182048,-470.5700943,-459.5226829,2.641770334,-0.074413815
T85,AL,Taku,4/10/2006,188,174,4,3,3,6.631380558,3.541331768,2.542784452,11.97527122,4.106109619,2.733398438,0.005,-21.54557833,-22.27653813,0.896516507,0.308881656,0.621840803,13.12363448,-1126.695736,-68.61683886,1.351440917,0.047926612
T86,AL,Taku,4/10/2006,188,174,4,3,2,6.977877617,3.671349287,2.537806511,11.6886301,4.098632813,2.702270508,0.005,-20.20672252,-12.89241763,0.368441217,0.253522362,-0.238085936,-5.555476651,-1548.41808,-779.3492939,-0.810832724,-0.077844837
T88,AL,Taku,4/10/2006,203,188,4,3,2,8.057545662,4.044858932,2.667923212,12.84926224,4.453735352,2.939239502,0.006,-10.67511301,-9.717997095,0.128037991,-0.189586929,0.201781519,2.549733177,-538.6953243,181.6218821,4.064450006,-0.034086396
T89,AL,Taku,4/10/2006,186,172,3,3,2,7.2820611,3.799694061,2.568048954,12.03051853,4.312698364,2.759765625,0.005,-29.04727875,-25.85381299,-0.365698792,-0.165194227,-0.110860643,-8.257911543,-1635.266196,-245.7126769,-1.20858204,-0.077920408
T97,AL,Taku,4/10/2006,183,169,4,4,3,7.266773224,3.739288568,2.619395018,12.19045067,4.063720703,2.935775757,0.005,-17.29020239,-3.755897315,0.741722777,-0.201086698,-0.306542726,2.908807677,-1440.203392,-179.5246339,0.121389023,-0.070200274
T102,AL,Taku,4/10/2006,180,167,4,4,3,6.181450367,3.511580467,2.373522282,10.91499233,3.901123047,2.631011963,0.004,-24.06296057,-16.59055734,0.371005128,0.409027428,-0.190442576,12.08886243,-319.6597443,415.2100411,0.656201408,-0.06232418
T104,AL,Taku,4/10/2006,183,169,4,3,3,6.354518414,3.577441931,2.387498856,11.37914562,3.962158203,2.689849854,0.004,-0.517625408,18.46706763,0.570387974,1.375812749,0.253275031,11.96145427,62.10408572,641.3664981,0.370733503,-0.052029025
T106,AL,Taku,4/10/2006,203,188,5,4,3,8.107256889,4.083119392,2.694089174,13.44489479,4.557861328,2.962768555,0.006,-9.469462958,14.1526716,0.866698115,0.678112789,-0.118549208,9.802868687,-115.5996843,631.6009151,-0.679434202,-0.076745896
T117,AL,Taku,4/10/2006,184,170,5,3,3,6.338440895,3.626668215,2.36913681,11.79888821,4.033935547,2.644866943,0.004,8.822398392,11.28776963,-0.071111852,-0.074301487,0.002914274,-1.753541913,-1099.634227,-177.7824219,-1.164806773,0.040785005
M7,AL,Medeia,8/13/2006,198.803,184,5,3,2,7.057474613,3.707674026,2.540173054,12.05090618,4.042236328,2.848846436,0.005,-21.39216563,-18.79839297,0.368805617,0.138593524,0.162170698,3.255699257,-199.5154143,424.8355841,3.348847293,0.09538988
M9,AL,Medeia,8/13/2006,187.77,170,4,3,2,6.893941402,3.719864845,2.472864389,11.60534763,4.098144531,2.702880859,0.005,-11.86754049,-7.941589965,1.287423908,0.067979728,0.277178865,18.26711382,-615.3303143,248.0898141,2.114978871,0.065707699
M10,AL,Medeia,8/13/2006,187.77,170,4,3,2,6.787878036,3.846917152,2.402856112,12.60881042,4.196289063,2.754760742,0.004,-22.4215094,-14.05627603,0.177210196,0.056980166,-0.191589023,-1.004991083,152.1899457,-280.5705869,1.006505009,-0.073973596
M13,AL,Medeia,8/13/2006,187.77,170,5,3,3,6.402256489,3.497576952,2.463346481,11.62330818,3.795310974,2.745117188,0.004,-32.60621123,-22.05980438,-0.379038031,-0.163481541,-0.309366388,-8.829178705,-903.4426183,-571.6726899,1.77232358,-0.079736162
M17,AL,Medeia,8/13/2006,187.77,170,6,,,6.795965672,3.643534422,2.52418828,11.94827938,3.95413208,2.896728516,0.005,-22.12427941,-12.93683899,-0.644207812,-0.113996999,-0.242232077,-8.505432396,1208.099826,902.4675461,-0.778003525,-0.07685909
M21,AL,Medeia,8/13/2006,187.77,170,5,3,2,7.046361923,3.834425926,2.46824646,12.9325676,4.241210938,2.838562012,0.005,-22.87094971,-25.17607533,-0.296228598,-0.213172651,-0.218380326,-4.311702709,-508.5633143,172.3327631,-0.853515122,-0.082872397
M22,AL,Medeia,8/13/2006,187.77,170,4,3,2,6.799812794,3.637443781,2.503548145,12.26335526,3.890625,2.721084595,0.004,-19.85850171,-13.34577262,0.434762089,-0.194191463,-0.014368944,37.55947468,1057.250886,917.7763031,3.04010282,-0.072276851
M24,AL,Medeia,8/13/2006,187.77,170,5,3,2,6.912911415,3.743968725,2.468988895,11.85719872,4.095703125,2.670776367,0.005,-29.99626125,-25.74057107,0.684485151,0.009779596,-0.273735116,12.67216632,-1047.039351,-15.13913786,1.09343961,-0.077074924
M27,AL,Medeia,8/13/2006,176.99,160,5,3,3,6.633419037,3.580713749,2.454754829,11.34197426,3.868286133,2.61315918,0.004,-20.95978722,7.806497435,0.909594609,-0.115027701,-0.102437848,3.102118797,-358.1558843,204.9882321,0.09277375,-0.078710989
M28,AL,Medeia,8/13/2006,176.99,160,4,3,2,6.810892105,3.543147564,2.564911127,11.8705759,3.92565918,2.787902832,0.004,-36.64020708,-14.81163404,0.164324625,-0.234127237,-0.612568663,5.622777137,-552.2063743,211.4381961,0.686070761,-0.080766533
M32,AL,Medeia,8/13/2006,187.77,170,5,3,3,7.329799652,3.768837452,2.606037617,13.15845013,4.234546661,2.901611328,0.005,-21.56329327,-19.14524677,0.158778653,-0.253336239,0.039328526,-2.116753583,-449.2721343,154.5629001,-0.484253982,0.030568819
M39,AL,Medeia,8/13/2006,187.77,170,5,6,2,6.559050083,3.625007629,2.435194731,11.90456963,3.915710449,2.69140625,0.005,-30.25382044,-27.44609975,0.252252537,-0.279850577,-0.053123843,-0.989002953,307.4826857,493.0549511,-0.996985086,0.036352744
M40,AL,Medeia,8/13/2006,187.77,170,4,5,2,6.056,3.414,2.348,10.661,3.699,2.556,0.004,-19.99582277,-18.86604735,-0.083089239,0.004827515,-0.043757194,-2.967084395,1065.991306,919.9969411,-0.002724088,0.020804132
M42,AL,Medeia,8/13/2006,187.77,170,5,3,3,6.945098877,3.830003262,2.454325438,13.10975838,4.15838623,2.772705078,0.005,4.361174792,7.128204405,0.118829709,1.466972004,0.573595213,-0.466940763,975.4566457,880.7650431,3.551465401,0.098604474
M46,AL,Medeia,8/13/2006,187.77,170,5,5,3,7.167910099,3.774617434,2.542336702,12.41193676,4.269897461,2.765136719,0.005,-22.92892083,-14.57292095,-0.392304332,0.102082164,-0.40216117,-7.374257177,154.2258957,-271.6929599,-0.813355588,-0.085539227
M48,AL,Medeia,8/13/2006,166.21,150,5,3,3,7.249808311,3.76849699,2.540314436,11.91162777,4.066162109,2.739990234,0.005,-10.53035685,-4.498171965,-0.562233324,0.141022694,-0.239122742,-4.254778211,-602.0884543,-477.9932479,-1.740404342,-0.075162398
M49,AL,Medeia,8/13/2006,176.99,160,5,4,3,6.809281349,3.660075426,2.47385931,11.75720406,3.903165817,2.649902344,0.004,-8.263052598,-4.739897405,-0.52410242,-0.208359652,-0.322779227,-6.566502774,-34.55741428,358.4057781,-0.848163004,-0.079330454
M50,AL,Medeia,8/13/2006,187.77,170,5,3,3,6.493163109,3.696891308,2.425197601,12.24435711,4.021209717,2.797363281,0.004,-20.56071366,-19.2929718,-0.061841251,0.016818155,-0.337260995,-0.997061803,426.4292957,587.4037351,-0.434167878,-0.076749991
M51,AL,Medeia,8/13/2006,166.21,150,5,3,3,6.637265682,3.539535046,2.507344723,11.41811466,4.015625,2.699645996,0.004,68.46907849,76.76132711,0.169272038,0.966512893,-0.23011168,15.13533797,1233.331376,1005.392079,1.278428448,-0.077852535
M52,AL,Medeia,8/13/2006,176.99,160,5,5,3,6.615303516,3.514339924,2.486087799,11.62007809,3.722412109,2.692626953,0.004,0.386240892,12.23632299,0.088321973,-0.254742002,-0.329449083,4.060706197,384.0822057,464.5678101,2.316224406,-0.075286774
M67,AL,Medeia,8/13/2006,176.99,160,5,4,3,7.173565388,3.75397706,2.54803896,11.64689064,4.034484863,2.833740234,0.005,7.198523792,41.23642761,-0.237639318,0.502323486,0.07032203,-5.856733481,46.80506572,323.7753071,1.19839968,-0.082089755
M72,AL,Medeia,8/13/2006,176.99,160,5,3,2,6.63279438,3.6912992,2.406443834,11.75648117,3.970031738,2.691162109,0.004,-24.93037549,7.193938405,0.440110514,-0.228899099,-0.427081442,1.570440897,-107.8938343,334.9217931,0.888683866,-0.08122285
M73,AL,Medeia,8/13/2006,176.99,160,5,5,3,6.338178158,3.65406847,2.369799137,12.20364857,4.091957092,2.671875,0.004,-10.31187899,-3.905116595,0.373431202,-0.226257324,0.079420071,2.792133527,33.74612572,221.1498481,0.45629756,0.054658582
M74,AL,Medeia,8/13/2006,176.99,160,5,4,3,6.60563755,3.619156361,2.443579197,12.05980206,3.946472168,2.684631348,0.004,-15.75981161,-9.613862945,0.163492646,-0.262777608,0.104814698,-2.420365473,473.9939657,377.9893241,0.042990535,0.053551028
M75,AL,Medeia,8/13/2006,187.77,170,5,4,3,6.984979153,3.590148449,2.563908339,11.99766064,3.892822266,2.756469727,0.005,-20.81072383,-14.76089642,-0.571580794,-0.1886166,0.067381177,0.199453567,1344.250676,866.5276991,1.448489329,0.058507668
M78,AL,Medeia,8/13/2006,166.21,150,5,3,2,6.112210274,3.412766933,2.358272552,11.00880432,3.669311523,2.550048828,0.003,-28.31476573,-20.01468446,-0.051802751,-0.20615573,0.009912754,4.229939817,-403.8129643,209.4922191,-0.074628078,0.02615292
M79,AL,Medeia,8/13/2006,176.99,160,5,2,3,6.608760834,3.646326542,2.443531036,12.06573296,3.943115234,2.752319336,0.005,-28.92459871,-26.35158168,-0.433650675,0.53991176,-0.169635563,-10.10631097,-668.7722243,-525.5403019,-1.773499212,-0.076318103
M80,AL,Medeia,8/13/2006,176.99,160,5,3,3,7.362742901,3.793072224,2.585497141,12.17032337,4.212646484,2.917297363,0.005,-32.87543867,-26.0279877,-0.606145129,-0.067356972,-0.353471446,-8.616436622,380.4767857,-210.7420489,-1.634362464,-0.082130357
M81,AL,Medeia,8/13/2006,187.77,170,5,3,3,6.949537277,3.662351131,2.530631304,11.90894127,3.978881836,2.735900879,0.004,-17.2710068,-12.57713175,-0.44779569,-0.158028783,-0.368324088,-0.110313573,610.1857357,634.8854121,-0.582414928,-0.081464692
M82,AL,Medeia,8/13/2006,187.77,170,5,2,3,7.39262867,3.861899853,2.58388257,13.13640499,4.299804688,2.803649902,0.005,25.70800719,28.19677921,0.085787297,0.662429738,0.11010228,9.371974537,613.7658057,742.3793241,2.470976822,-0.062922311
M85,AL,Medeia,8/18/2006,176.99,160,5,2,2,6.327558517,3.508651018,2.40372467,11.06577969,3.825042725,2.606201172,0.004,-5.231783718,3.123212855,-0.354274149,0.08495224,-0.064368139,-4.410194901,-488.0017443,258.3708281,0.653435088,-0.07686019
M107,AL,Medeia,8/18/2006,176.99,160,4,3,2,6.049907207,3.543771505,2.301990032,11.3862257,3.908233643,2.567871094,0.004,-24.99193633,-15.53273062,-0.278442795,-0.223973466,-0.354122044,-5.27035031,-739.7947283,-9.216936856,-0.527176794,-0.079558636
M108,AL,Medeia,8/18/2006,133.87,120,5,3,2,4.490259171,2.979314804,1.998399138,9.858994484,3.264556885,2.346679688,0.002,-5.130994658,27.86457643,1.751595407,-0.263401134,-0.110723146,6.441515687,-1177.101143,-15.74366786,2.546368338,-0.067417222
M129,AL,Medeia,8/18/2006,155.43,140,5,3,2,5.875261307,3.413158178,2.284656048,10.72346401,3.616455078,2.489135742,0.003,-24.77651313,-2.033133685,0.429771088,-0.179619117,-0.105952804,1.285668337,434.3353557,607.8383401,0.152121835,-0.085535931
M133,AL,Medeia,8/18/2006,144.65,130,5,3,2,4.528331757,2.885209799,2.097926855,9.684621811,3.145629883,2.338378906,0.002,-11.17944951,-10.99629534,-0.585370113,-0.061485215,0.068888031,-0.902744293,518.4524357,594.0844441,-0.182537963,0.0478698
M136,AL,Medeia,8/18/2006,155.43,140,5,3,2,5.657710075,3.310005903,2.254554749,10.26205444,3.621551514,2.442260742,0.003,13.25924459,18.50626052,-0.467130909,0.227651613,0.242393564,5.569748077,2492.092866,1375.947324,1.398835048,0.044793853
V1,BS,Vesteraalen,6/8/2008,205,195,4,5,3,8.009168625,3.912147045,2.723336458,13.6127243,4.35144043,3.102294922,0.005,36.64289299,-2.927876495,-0.582466186,0.145772352,0.119334994,-5.348474734,1966.513346,418.6916351,-1.704531036,0.101088997
V2,BS,Vesteraalen,6/8/2008,215,205,4,4,3,7.841188431,3.875547171,2.739554882,14.30129623,4.309936523,3.170043945,0.005,28.69241359,-3.732205205,-0.346483441,-0.012540157,-0.078523651,-1.234582053,510.9501357,-352.3551149,-1.952144496,0.00915023
V3,BS,Vesteraalen,6/8/2008,200,190,4,4,3,7.795418739,3.867563248,2.677112103,12.40656471,4.290283203,2.934448242,0.006,39.26914249,19.45421719,-0.726870849,-0.034352287,0.125579506,-11.02166427,702.7702857,-3.417993856,-1.970911031,0.056629166
V4,BS,Vesteraalen,6/8/2008,203,195,4,4,3,7.964118004,4.008123875,2.656656742,13.17229939,4.427185059,2.9453125,0.006,40.56552179,26.40859931,-0.725762991,-0.146068452,-0.050631545,-7.234308867,787.5296157,-246.0663419,-1.791960779,-0.046605529
V5,BS,Vesteraalen,6/8/2008,225,215,4,4,3,8.176322937,3.986798525,2.757070065,13.1659441,4.394042969,3.095214844,0.005,25.82265999,19.34092659,0.084935219,-0.14574799,-0.32473823,2.248742527,1489.324756,-158.7892209,-0.817295925,-0.008994855
V6,BS,Vesteraalen,6/8/2008,205,200,4,4,3,7.383483887,3.779431581,2.614335537,13.0640564,4.106264114,2.907958984,0.004,6.715840092,7.605786995,-0.1823452,-0.15596567,0.132803874,0.048823827,625.8203557,-397.7523869,-0.335763473,0.04756413
V7,BS,Vesteraalen,6/8/2008,215,210,4,4,3,7.007562637,3.211102962,2.840320826,11.81617355,3.521240234,3.175537109,0.005,63.83990399,22.14909311,-0.480691273,-0.252826282,0.087028557,6.490979207,2068.719046,436.1477811,-2.056948852,0.051790322
V8,BS,Vesteraalen,6/8/2008,205,195,4,4,3,7.967232704,4.034686565,2.636089802,13.57737446,4.415771484,2.853790283,0.005,21.88815729,-7.903691395,-0.399379109,-0.186446711,0.119888492,1.108991517,2014.396616,119.3439611,-0.729976999,0.040003234
V9,BS,Vesteraalen,6/8/2008,203,198,4,4,3,7.867990494,3.85205102,2.739070177,13.12720299,4.33555603,3.109985352,0.006,33.19659349,17.77228183,-0.546602855,-0.019237094,0.166429069,-1.308962433,1393.567636,161.9743151,-0.671115495,-0.031660158
V10,BS,Vesteraalen,6/8/2008,218,210,4,5,3,8.361796379,4.062017918,2.74847436,14.37802601,4.467773438,3.054473877,0.005,23.78978969,13.83992173,-0.282185812,-0.094346955,-0.084156164,1.570614647,1956.884156,183.8713431,-1.922590359,-0.035060052
V11,BS,Vesteraalen,6/8/2008,193,180,4,4,3,6.749912262,3.560257912,2.523513317,12.89963913,4.032226563,2.81451416,0.004,37.54808319,41.99357271,-0.286095906,-0.195337923,0.181755841,-0.438037213,1490.133866,-124.5357709,-1.081156811,0.148781301
V12,BS,Vesteraalen,6/8/2008,210,195,4,4,3,7.617806435,3.798350096,2.6526227,12.91425896,4.163818359,2.835041046,0.005,65.90385459,68.97490071,-0.250664748,-0.147955762,0.287740321,6.459320837,270.7729257,-476.7565099,-0.918635014,0.268245547
V13,BS,Vesteraalen,6/8/2008,213,200,4,4,3,7.766335964,3.800717115,2.722343445,13.93822384,4.215698242,2.880584717,0.004,64.00221229,19.53599437,-0.279250126,-0.194574386,0.198527657,-0.977816013,1131.556066,-197.1679139,-2.080289262,0.074882804
V14,BS,Vesteraalen,6/8/2008,220,210,4,4,3,8.714320183,4.11530447,2.824498415,14.12112904,4.546203613,3.012695313,0.006,11.07335419,-17.63383692,-0.418554217,-0.168656567,0.249416841,-2.488993783,3921.007646,887.2157821,-1.501970596,0.044966405
V15,BS,Vesteraalen,6/8/2008,195,185,4,5,3,7.630272865,3.855568409,2.636698008,12.96254253,4.364379883,2.861236572,0.005,6.147585192,-5.228211815,-0.514950787,-0.131149014,0.21328601,1.593063597,1031.680396,-152.6226079,-1.565091708,-0.017552684
V16,BS,Vesteraalen,6/8/2008,195,185,4,5,3,6.763826847,3.475385666,2.580405712,12.427351,3.920898438,2.763282776,0.005,11.31391099,2.262065365,-0.708764331,-0.242540154,0.168860547,-5.783739151,1184.695266,144.7707381,-1.243443498,-0.003935851
V17,BS,Vesteraalen,6/8/2008,185,175,4,,,7.212670326,3.777415037,2.537610292,11.90025997,4.067382813,2.733947754,0.004,60.25538139,64.04189211,0.679226808,-0.158258003,0.109707203,18.09001633,1095.194296,-223.9038859,8.60846677,0.187172018
V18,BS,Vesteraalen,6/8/2008,190,180,4,4,3,6.039909363,2.976561546,2.64172101,10.87179089,3.122459412,2.693603516,0.003,48.94839969,51.04447411,0.331245063,0.021692464,0.225072352,13.10108409,1306.554166,-210.6386869,2.544854571,0.218380223
V19,BS,Vesteraalen,6/8/2008,195,185,4,4,3,7.535786152,3.909484625,2.571218252,12.94033623,4.257852554,2.821044922,0.005,110.2900505,53.53271221,-0.59943017,-0.308285494,-0.026928106,-1.938861113,2444.810176,582.0838791,-1.738741801,0.064932886
V20,BS,Vesteraalen,6/8/2008,208,198,4,4,3,6.713644028,3.676375151,2.510412216,12.06294918,4.11516571,2.932006836,0.005,44.62632929,4.297607355,-0.140840081,0.036842002,0.250593778,6.932731967,1716.404976,-9.590195856,-1.469860956,0.026274808
V21,BS,Vesteraalen,6/8/2008,248,230,6,8,4,8.80682373,4.273701668,2.883539677,16.34179688,4.890136719,3.353363037,0.008,93.08019939,73.75439191,-0.752374848,-0.211571148,0.008908421,-10.4848565,1506.139426,272.8963361,-0.791599419,-0.006030502
V22,BS,Vesteraalen,8/3/2008,200,190,5,4,3,7.49064827,3.892231464,2.642511129,13.03870678,4.294799805,2.839202881,0.005,75.48885009,58.83040491,-0.801587728,-0.134648838,0.153502823,-10.6789967,1765.067106,216.9324001,-1.700750325,-0.001908926
V23,BS,Vesteraalen,8/3/2008,210,210,4,5,3,8.33333683,3.909548044,2.830002069,15.53440189,4.318695068,3.086914063,0.006,79.40245649,88.01893771,0.519614247,-0.138491298,0.171444601,15.0643985,854.6546557,-363.2389629,1.839949907,0.117189281
V24,BS,Vesteraalen,8/3/2008,220,205,4,4,3,7.486568451,3.577877998,2.744405746,12.08727741,3.790283203,2.967529297,0.006,12.70204769,10.36497359,-0.394715249,-0.155770359,0.395174945,-0.128967803,465.3546157,-447.8065499,0.603286929,0.206621726
AL1,BS,Aldebaran,39984,230,220,5,5,4,8.052893639,3.972798586,2.777091265,14.9213171,4.542816162,3.079162598,0.006,4.485478392,-21.93295668,-0.338065476,-0.10256456,0.091053331,2.877743677,2801.025736,327.1468011,-0.946954214,0.015579196
AL2,BS,Aldebaran,39984,225,210,4,4,3,8.215521812,3.89552784,2.829970121,13.49333668,4.364074707,3.121368408,0.006,2.791602892,-25.24269025,-0.11694688,-0.220209103,0.063375816,15.68424123,289.6174957,-507.5645189,-1.732094918,-0.007050205
AL3,BS,Aldebaran,39984,255,240,5,5,3,9.653504372,4.452217102,2.899218321,14.30189991,4.96232605,3.171478271,0.008,-26.28884247,-28.48701106,-0.195766698,-0.139705485,0.113223206,6.507628797,154.1977357,-405.4104419,-1.693998889,-0.030012836
AL4,BS,Aldebaran,39977,230,220,4,4,3,8.635562897,4.031778812,2.897520304,15.12768173,4.571426392,3.251922607,0.006,-25.44897998,-32.53693177,-0.500535519,-0.15072704,0.218375173,0.713455107,1244.532166,-178.7258749,-1.779806787,-0.020375783
AL5,BS,Aldebaran,39977,223,210,8,4,3,8.536478996,4.050358295,2.825058937,14.40552425,4.549041748,3.096038818,0.006,34.35960269,38.30623981,-0.009423972,-0.226955009,0.193850686,7.238229137,-292.3532243,-667.0052729,-0.546547787,0.036236349
AL6,BS,Aldebaran,39983,240,225,5,6,4,8.4506073,4.056728363,2.795075417,13.99371052,4.45690155,3.057189941,0.006,-1.682373408,2.751327145,-0.173315767,0.144591113,0.170961624,-1.994192553,46.50863572,-516.5608549,0.25649115,0.064959325
AL7,BS,Aldebaran,39983,190,180,3,5,2,6.941342831,3.489923954,2.638496399,12.12149143,3.86907959,2.810951233,0.004,47.70362499,10.28492937,-0.125482412,0.076172912,0.503533548,9.780397947,1696.229796,137.6745851,-0.657603157,0.074787848
AL8,BS,Aldebaran,39983,205,195,4,3,2,7.380369186,3.692028046,2.699846745,14.88637447,4.178909302,2.893737793,0.005,25.06714739,-3.551562585,0.298084223,0.117058309,0.445955152,2.674434817,513.8011257,-128.7870369,-1.453984821,0.08557491
AL9,BS,Aldebaran,39983,220,210,5,4,3,8.075475693,4.154179573,2.602906704,14.9345541,4.438709259,2.981697083,0.006,0.115866092,-11.42547443,-0.37291105,-0.219646337,0.43047588,11.73083829,1330.640766,12.04256014,0.062488923,0.014589168
AL10,BS,Aldebaran,39984,250,235,5,4,4,8.408654213,3.994097471,2.862435818,16.027071,4.700012207,3.153991699,0.007,-20.44822516,-26.26168735,-0.504188342,-0.282952172,0.02891059,8.525516787,2131.622586,376.8206621,-0.053981064,0.027091523
AL11,BS,Aldebaran,39984,198,188,4,3,3,7.296349049,3.700020552,2.606284618,12.42600727,4.046695709,2.825996399,0.004,16.13721249,12.82623063,-0.128713488,0.002642175,0.337583624,14.2124285,2233.302406,46.81375514,0.937596162,0.209773659
AL12,BS,Aldebaran,39984,200,190,4,3,2,7.148442268,3.655462265,2.591141462,12.46666241,4.018005371,2.809143066,0.004,92.41080109,95.28832191,0.04569742,0.03450569,0.087227249,-0.255925543,942.2343357,-303.6374459,0.688807433,0.05992853
AL13,BS,Aldebaran,39983,205,195,4,3,2,7.623824596,3.884236574,2.637333632,15.08976269,4.281341553,2.979187012,0.005,68.67248579,25.03831937,0.543245573,0.390331664,0.315806777,9.468248997,532.4473657,-113.6938029,-1.393954676,0.048894233
AL14,BS,Aldebaran,39983,190,180,3,3,2,6.133115292,3.280801773,2.484004259,13.85754395,3.737258911,2.608520508,0.003,30.85278179,-2.923177905,-0.246826487,-0.07969042,0.272889626,8.100052877,1441.953666,34.68235314,-0.103649462,0.047912934
AL15,BS,Aldebaran,39983,195,185,4,3,3,6.751570702,3.521903992,2.568590164,14.11358833,4.027732849,2.768432617,0.004,38.52983699,26.93161728,-0.319053519,-0.19170883,0.174921676,5.803936727,-349.4410343,-632.2569919,-1.172735006,0.014070422
AL16,BS,Aldebaran,39983,195,185,3,3,2,6.691228867,3.560045004,2.50332284,13.44864655,3.965484619,2.753845215,0.004,82.16678649,70.35183671,-0.508970542,-0.05363358,0.551091502,-2.053469153,1887.609686,386.8866481,-0.765878238,0.041244743
AL17,BS,Aldebaran,39977,230,223,5,5,4,9.135142326,4.20689249,2.949572086,16.30754089,4.843200684,3.239990234,0.007,6.519189892,8.914391545,-0.008481438,-0.207139735,0.249729005,-2.865758658,128.9760957,-556.1038809,-1.176379896,0.072759723
AL18,BS,Aldebaran,39977,188,178,3,4,2,6.352110863,3.432083368,2.490725279,12.54992104,3.744316101,2.706207275,0.005,37.48263429,41.69994821,-0.142360543,-0.243130312,-0.131359738,4.934975587,156.9452757,-548.7360229,-0.230782723,0.035558526
AL19,BS,Aldebaran,39977,205,195,4,5,3,7.898670197,3.961203575,2.666745186,12.99341106,4.323921204,2.978500366,0.006,45.11120449,2.938908085,-0.251021694,-0.102612596,0.064288151,0.161000017,2233.170716,282.2765791,-1.091195379,0.081912673
AL20,BS,Aldebaran,39977,245,230,5,5,3,8.99050808,4.277182579,2.823709249,18.17326927,4.713508606,3.163452148,0.007,9.845200992,-18.24704637,-0.119091034,-0.156966111,0.614557491,5.456308967,1914.675606,375.3892021,-2.097394283,0.048650074
AL21,BS,Aldebaran,39977,230,220,4,4,3,8.420278549,3.898190975,2.903651237,14.36012363,4.350837708,3.156677246,0.006,61.70565409,47.92463001,-0.268097865,-0.014263555,0.322795573,-6.285643271,212.3897757,-152.3579189,-0.183726719,0.027726814
AL22,BS,Aldebaran,39976,235,225,5,5,4,9.263037682,4.295356274,2.919182539,16.05346489,4.903777599,3.23608017,0.006,-7.010499228,-17.65340395,-0.551266605,-0.244697222,0.212163475,4.954492777,2582.433656,524.7606991,0.14717635,-0.013785394
AL23,BS,Aldebaran,39976,225,215,4,4,3,8.000377655,3.862399578,2.782628536,14.35413933,4.33581543,3.088973999,0.005,-8.533957038,-5.575334525,0.212020655,-0.212910094,0.166846597,3.061184367,1458.180666,-176.9486179,0.297978497,0.017580586
AL24,BS,Aldebaran,39976,215,203,4,5,3,8.183060646,3.932115793,2.76884079,13.96988964,4.345275879,2.928894043,0.006,-5.141681168,3.359015185,-0.042158228,0.46475948,0.602919117,16.72579201,1632.087936,-128.0832529,2.548439506,0.148686645
R1,BS,Arcturus,39615,220,210,4,6,3,8.488103867,4.080852985,2.788973808,13.65266895,4.62154007,3.10679245,0.006,-6.724219128,-32.14492002,-0.144956707,-0.098081215,0.25505795,4.879997827,383.6718257,-377.2058689,-1.787183473,0.031751729
R2,BS,Arcturus,39615,225,215,4,3,3,8.664356232,4.051593781,2.871743202,14.5515728,4.376831055,3.237625122,0.005,28.79589979,-2.336328875,-0.19107577,-0.019656067,0.372724071,4.190540727,1157.303866,12.48324314,-1.448114357,0.054178945
R3,BS,Arcturus,39615,235,220,4,4,3,8.845934868,4.05112648,2.930747032,14.07986927,4.63599968,3.176586866,0.007,-7.778319278,-20.82396681,-0.726896657,-0.170791629,-0.027486283,0.874511747,1483.155746,-9.160632856,0.091522532,-0.016448772
R4,BS,Arcturus,39615,215,205,4,4,3,8.158943176,4.181369781,2.632785559,15.10764313,4.650497437,3.098846436,0.006,-10.40240459,-20.2740232,-0.383682252,-0.145745663,0.145963654,-6.078306371,644.9962157,-217.7567889,-1.029805675,-0.018696507
R5,BS,Arcturus,39615,220,210,4,5,3,8.651503563,4.034267426,2.874812603,13.97094631,4.468078613,3.116958618,0.006,-20.38234082,-19.89654663,-0.076103158,-0.201200697,0.221079632,-5.338470434,829.4561757,-376.6930319,-1.199616375,0.000640518
R6,BS,Arcturus,39615,185,173,4,4,3,6.498613834,3.495817184,2.463005066,11.49772549,3.872882843,2.653610229,0.004,-11.95401515,-11.13903268,-0.49316715,0.067014735,0.394466584,-5.830072606,1591.127636,-158.3085819,-1.448096355,0.058322112
R7,BS,Arcturus,39615,235,220,4,5,3,9.623877525,4.293830395,2.988482952,14.62649822,4.75050354,3.28604126,0.007,-2.328795108,-25.6793736,-0.306217256,-0.110343109,0.205383137,1.457132477,1577.477956,98.69227314,-1.370678638,0.040643931
R8,BS,Arcturus,39615,225,210,4,3,2,6.905293941,3.466689587,2.639798641,11.87549782,3.914642334,2.841644287,0.005,-6.589419678,-31.83984971,-0.138727273,-0.010305396,0.290138842,3.399126987,432.2913857,-307.6929869,-2.125555822,0.05071364
R9,BS,Arcturus,39615,223,210,4,3,3,8.321790695,3.899655342,2.878008842,13.67953777,4.388580322,3.111572266,0.006,-13.91470211,-21.57188768,-0.419594824,-0.184785067,0.049841466,-5.939473017,1527.807176,130.8065091,-0.692344764,-0.014608063
R10,BS,Arcturus,39619,200,190,4,4,3,6.818510056,3.620039701,2.514617682,12.61948681,4.011672974,2.678253174,0.004,16.26342949,3.165485965,0.081947591,-0.154871505,0.211831823,-0.495217513,935.6515557,-91.69977686,-0.42306101,0.033806611
R11,BS,Arcturus,39619,205,195,4,5,3,7.835819244,3.998374939,2.60504818,14.35483837,4.415260315,2.817550659,0.005,-18.55288203,-22.63995547,-0.177560449,-0.065681873,0.296580175,-7.024424999,-788.8615203,-817.7946709,-1.482251048,0.064991948
R12,BS,Arcturus,39619,230,220,4,5,3,8.776346207,4.212256432,2.856849194,14.62363911,4.798950195,3.198181152,0.006,-12.80358294,-8.411646405,-0.346564216,-0.181873282,0.376109718,-0.301968213,427.5562857,-487.7773839,-0.536229875,0.091180775
R13,BS,Arcturus,39610,240,225,5,4,3,9.240042686,4.300963402,2.895332813,15.88316631,4.806442261,3.201507568,0.007,62.35085749,20.01150474,0.030855308,0.692492984,0.602900425,-2.243830663,1255.031626,178.9461761,-1.525451611,0.103436081
R14,BS,Arcturus,39619,200,190,4,4,3,7.782829285,3.925998926,2.646859884,13.64030933,4.376403809,2.88659668,0.005,74.16520719,36.29466321,0.297324182,-0.031494852,-0.037725679,9.882489157,1533.212096,117.7991151,-0.385871748,0.036203007
R15,BS,Arcturus,39619,190,180,4,4,3,6.755281448,3.528288841,2.55416894,13.97999477,4.010848999,2.867149353,0.004,15.06460079,5.201062625,-0.92694831,-0.159089465,0.040310835,-6.450539965,-309.6078543,-582.5091549,-1.130767786,0.003330669
R16,BS,Arcturus,39619,165,155,4,4,3,5.719039917,3.278661489,2.306761026,12.65789127,3.580595493,2.480449915,0.003,35.00882429,24.15476679,-0.436931626,-0.166354898,0.085582831,-0.425400123,1359.927416,142.8507261,-0.655973473,-0.00487446
R17,BS,Arcturus,39619,190,180,4,6,3,7.029442787,3.614878893,2.592256546,12.02775478,3.963867188,2.822429657,0.004,41.90752009,38.97069091,0.22354894,1.036607836,0.905562477,-8.252968507,1494.283076,-146.5382459,2.246339533,0.263781609
R18,BS,Arcturus,39635,190,180,4,5,2,6.776889801,3.521662951,2.554172039,11.92460442,3.848999023,2.75869751,0.004,14.59498379,9.798135395,-0.124895434,-0.083784706,0.089918124,-1.420159723,915.4702257,-356.9576529,-0.479610733,0.039658308
R19,BS,Arcturus,39618,225,210,5,3,3,8.448361397,3.922104597,2.898295879,15.55142021,4.418023586,3.153881073,0.006,56.49402559,17.60640732,-0.0764073,0.630800934,0.110171976,1.227555877,257.2675757,-457.0119969,-2.247799998,-0.044842545
R20,BS,Arcturus,39618,185,175,5,3,3,7.109217167,3.663619757,2.596012831,12.33406258,4.056289673,2.841014862,0.004,41.18224149,4.293169015,-0.337047338,-0.14791078,0.239001713,0.374488657,973.3315057,-42.78927686,-1.65132041,-0.052405586
R21,BS,Arcturus,39618,195,185,4,3,3,7.639888287,3.767238617,2.68917799,13.04569721,4.180862427,2.931884766,0.005,10.08633949,8.611436115,-0.095596239,0.170672858,0.312167365,-5.155533851,1839.287186,386.3315291,-0.843416886,0.023064527
R22,BS,Arcturus,39618,198,185,4,4,3,7.033540249,3.703037739,2.551168442,13.36275101,4.136291504,2.827392578,0.004,23.84582629,10.68646029,-0.35305007,-0.033330702,0.046287738,-4.887469797,1118.504826,160.3926191,-1.383394614,-0.019288695
R23,BS,Arcturus,39618,195,185,4,5,3,6.873034954,3.504142046,2.611364841,11.9479332,3.877365112,2.892669678,0.004,16.79828379,20.5623439,0.3550964,-0.21405069,-0.159064701,-2.515625443,901.4703357,-365.4684309,1.036975115,0.009916029
R24,BS,Arcturus,39618,195,185,4,3,3,6.284443855,3.671503782,2.267127037,12.77004051,4.048511505,2.462692261,0.005,22.40180979,22.55189842,0.196561766,-0.246300594,0.286032691,1.782293287,820.1106557,-385.8316519,-0.25133,0.170142965
